sample,latency_ns,latency_cycles,total_poll_iterations
1,38460.0,1923.00,3
2,37440.0,1872.00,3
3,37440.0,1872.00,3
4,37440.0,1872.00,3
5,37440.0,1872.00,3
6,37440.0,1872.00,3
7,37440.0,1872.00,3
8,37440.0,1872.00,3
9,37440.0,1872.00,3
10,37440.0,1872.00,3
11,37440.0,1872.00,3
12,37420.0,1871.00,3
13,37420.0,1871.00,3
14,37420.0,1871.00,3
15,37420.0,1871.00,3
16,37420.0,1871.00,3
17,37420.0,1871.00,3
18,37420.0,1871.00,3
19,37420.0,1871.00,3
20,37420.0,1871.00,3
21,37420.0,1871.00,3
22,37420.0,1871.00,3
23,37420.0,1871.00,3
24,37420.0,1871.00,3
25,37420.0,1871.00,3
26,37420.0,1871.00,3
27,37420.0,1871.00,3
28,37420.0,1871.00,3
29,37420.0,1871.00,3
30,37420.0,1871.00,3
31,37420.0,1871.00,3
32,37420.0,1871.00,3
33,37420.0,1871.00,3
34,37420.0,1871.00,3
35,37420.0,1871.00,3
36,37420.0,1871.00,3
37,37420.0,1871.00,3
38,37420.0,1871.00,3
39,37420.0,1871.00,3
40,37420.0,1871.00,3
41,37420.0,1871.00,3
42,37420.0,1871.00,3
43,37420.0,1871.00,3
44,37420.0,1871.00,3
45,37420.0,1871.00,3
46,37420.0,1871.00,3
47,37420.0,1871.00,3
48,37420.0,1871.00,3
49,37420.0,1871.00,3
50,37420.0,1871.00,3
51,37420.0,1871.00,3
52,37420.0,1871.00,3
53,37420.0,1871.00,3
54,37420.0,1871.00,3
55,37420.0,1871.00,3
56,37420.0,1871.00,3
57,37420.0,1871.00,3
58,37420.0,1871.00,3
59,37420.0,1871.00,3
60,37420.0,1871.00,3
61,37420.0,1871.00,3
62,37420.0,1871.00,3
63,37420.0,1871.00,3
64,37420.0,1871.00,3
65,37420.0,1871.00,3
66,37420.0,1871.00,3
67,37420.0,1871.00,3
68,37420.0,1871.00,3
69,37420.0,1871.00,3
70,37420.0,1871.00,3
71,37420.0,1871.00,3
72,37420.0,1871.00,3
73,37420.0,1871.00,3
74,37420.0,1871.00,3
75,37420.0,1871.00,3
76,37420.0,1871.00,3
77,37420.0,1871.00,3
78,37420.0,1871.00,3
79,37420.0,1871.00,3
80,37420.0,1871.00,3
81,37420.0,1871.00,3
82,37420.0,1871.00,3
83,37420.0,1871.00,3
84,37420.0,1871.00,3
85,37420.0,1871.00,3
86,37420.0,1871.00,3
87,37420.0,1871.00,3
88,37420.0,1871.00,3
89,37420.0,1871.00,3
90,37420.0,1871.00,3
91,37420.0,1871.00,3
92,37420.0,1871.00,3
93,37420.0,1871.00,3
94,37420.0,1871.00,3
95,37420.0,1871.00,3
96,37420.0,1871.00,3
97,37420.0,1871.00,3
98,37420.0,1871.00,3
99,37420.0,1871.00,3
100,37420.0,1871.00,3
101,37420.0,1871.00,3
102,37420.0,1871.00,3
103,37420.0,1871.00,3
104,37420.0,1871.00,3
105,37420.0,1871.00,3
106,37420.0,1871.00,3
107,37420.0,1871.00,3
108,37420.0,1871.00,3
109,37420.0,1871.00,3
110,37420.0,1871.00,3
111,37420.0,1871.00,3
112,37420.0,1871.00,3
113,37420.0,1871.00,3
114,37420.0,1871.00,3
115,37420.0,1871.00,3
116,37420.0,1871.00,3
117,37420.0,1871.00,3
118,37420.0,1871.00,3
119,37420.0,1871.00,3
120,37420.0,1871.00,3
121,37420.0,1871.00,3
122,37420.0,1871.00,3
123,37420.0,1871.00,3
124,37420.0,1871.00,3
125,37420.0,1871.00,3
126,37420.0,1871.00,3
127,37420.0,1871.00,3
128,37420.0,1871.00,3
129,37420.0,1871.00,3
130,37420.0,1871.00,3
131,37420.0,1871.00,3
132,37420.0,1871.00,3
133,37420.0,1871.00,3
134,37420.0,1871.00,3
135,37420.0,1871.00,3
136,37420.0,1871.00,3
137,103420.0,5171.00,3
138,37700.0,1885.00,3
139,37420.0,1871.00,3
140,37420.0,1871.00,3
141,37420.0,1871.00,3
142,37420.0,1871.00,3
143,37420.0,1871.00,3
144,37420.0,1871.00,3
145,37420.0,1871.00,3
146,37420.0,1871.00,3
147,37420.0,1871.00,3
148,37420.0,1871.00,3
149,37420.0,1871.00,3
150,37420.0,1871.00,3
151,37420.0,1871.00,3
152,37420.0,1871.00,3
153,37420.0,1871.00,3
154,37420.0,1871.00,3
155,37420.0,1871.00,3
156,37420.0,1871.00,3
157,37420.0,1871.00,3
158,37420.0,1871.00,3
159,37420.0,1871.00,3
160,37420.0,1871.00,3
161,37420.0,1871.00,3
162,37420.0,1871.00,3
163,37420.0,1871.00,3
164,37420.0,1871.00,3
165,37420.0,1871.00,3
166,37420.0,1871.00,3
167,37420.0,1871.00,3
168,37420.0,1871.00,3
169,37420.0,1871.00,3
170,37420.0,1871.00,3
171,37420.0,1871.00,3
172,37420.0,1871.00,3
173,37420.0,1871.00,3
174,37420.0,1871.00,3
175,37420.0,1871.00,3
176,37420.0,1871.00,3
177,37420.0,1871.00,3
178,37420.0,1871.00,3
179,37420.0,1871.00,3
180,37420.0,1871.00,3
181,37420.0,1871.00,3
182,37420.0,1871.00,3
183,37420.0,1871.00,3
184,37420.0,1871.00,3
185,37420.0,1871.00,3
186,37420.0,1871.00,3
187,37420.0,1871.00,3
188,37420.0,1871.00,3
189,37420.0,1871.00,3
190,37420.0,1871.00,3
191,37420.0,1871.00,3
192,37420.0,1871.00,3
193,37420.0,1871.00,3
194,37420.0,1871.00,3
195,37420.0,1871.00,3
196,37420.0,1871.00,3
197,37420.0,1871.00,3
198,37420.0,1871.00,3
199,37420.0,1871.00,3
200,37420.0,1871.00,3
201,37420.0,1871.00,3
202,37420.0,1871.00,3
203,37420.0,1871.00,3
204,37420.0,1871.00,3
205,37420.0,1871.00,3
206,37420.0,1871.00,3
207,37420.0,1871.00,3
208,37420.0,1871.00,3
209,37420.0,1871.00,3
210,37420.0,1871.00,3
211,37420.0,1871.00,3
212,37420.0,1871.00,3
213,37420.0,1871.00,3
214,37420.0,1871.00,3
215,37420.0,1871.00,3
216,37420.0,1871.00,3
217,37420.0,1871.00,3
218,37420.0,1871.00,3
219,37420.0,1871.00,3
220,37420.0,1871.00,3
221,37420.0,1871.00,3
222,37420.0,1871.00,3
223,37420.0,1871.00,3
224,37420.0,1871.00,3
225,37420.0,1871.00,3
226,37420.0,1871.00,3
227,37420.0,1871.00,3
228,37420.0,1871.00,3
229,37420.0,1871.00,3
230,37420.0,1871.00,3
231,37420.0,1871.00,3
232,37420.0,1871.00,3
233,37420.0,1871.00,3
234,37420.0,1871.00,3
235,37420.0,1871.00,3
236,37420.0,1871.00,3
237,37420.0,1871.00,3
238,37420.0,1871.00,3
239,37420.0,1871.00,3
240,37420.0,1871.00,3
241,37420.0,1871.00,3
242,37420.0,1871.00,3
243,37420.0,1871.00,3
244,37420.0,1871.00,3
245,37420.0,1871.00,3
246,37420.0,1871.00,3
247,37420.0,1871.00,3
248,37420.0,1871.00,3
249,37420.0,1871.00,3
250,37420.0,1871.00,3
251,37420.0,1871.00,3
252,37420.0,1871.00,3
253,37420.0,1871.00,3
254,37420.0,1871.00,3
255,37420.0,1871.00,3
256,69160.0,3458.00,3
257,37420.0,1871.00,3
258,37420.0,1871.00,3
259,37420.0,1871.00,3
260,37420.0,1871.00,3
261,37420.0,1871.00,3
262,37420.0,1871.00,3
263,37420.0,1871.00,3
264,37420.0,1871.00,3
265,37420.0,1871.00,3
266,37420.0,1871.00,3
267,37420.0,1871.00,3
268,37420.0,1871.00,3
269,37420.0,1871.00,3
270,37420.0,1871.00,3
271,37420.0,1871.00,3
272,37420.0,1871.00,3
273,37420.0,1871.00,3
274,37420.0,1871.00,3
275,37420.0,1871.00,3
276,37420.0,1871.00,3
277,37420.0,1871.00,3
278,37420.0,1871.00,3
279,37420.0,1871.00,3
280,37420.0,1871.00,3
281,37420.0,1871.00,3
282,37420.0,1871.00,3
283,37420.0,1871.00,3
284,37420.0,1871.00,3
285,37420.0,1871.00,3
286,37420.0,1871.00,3
287,37420.0,1871.00,3
288,37420.0,1871.00,3
289,37420.0,1871.00,3
290,37420.0,1871.00,3
291,37420.0,1871.00,3
292,37420.0,1871.00,3
293,37420.0,1871.00,3
294,37420.0,1871.00,3
295,37420.0,1871.00,3
296,37420.0,1871.00,3
297,37420.0,1871.00,3
298,37420.0,1871.00,3
299,37420.0,1871.00,3
300,37420.0,1871.00,3
301,37420.0,1871.00,3
302,37420.0,1871.00,3
303,37420.0,1871.00,3
304,37420.0,1871.00,3
305,37420.0,1871.00,3
306,37420.0,1871.00,3
307,37420.0,1871.00,3
308,37420.0,1871.00,3
309,37420.0,1871.00,3
310,37420.0,1871.00,3
311,37420.0,1871.00,3
312,37420.0,1871.00,3
313,37420.0,1871.00,3
314,37420.0,1871.00,3
315,37420.0,1871.00,3
316,37420.0,1871.00,3
317,37420.0,1871.00,3
318,37420.0,1871.00,3
319,37420.0,1871.00,3
320,37420.0,1871.00,3
321,37420.0,1871.00,3
322,37420.0,1871.00,3
323,37420.0,1871.00,3
324,37420.0,1871.00,3
325,37420.0,1871.00,3
326,37420.0,1871.00,3
327,37420.0,1871.00,3
328,37420.0,1871.00,3
329,37420.0,1871.00,3
330,37420.0,1871.00,3
331,37420.0,1871.00,3
332,37420.0,1871.00,3
333,37420.0,1871.00,3
334,37420.0,1871.00,3
335,37420.0,1871.00,3
336,37420.0,1871.00,3
337,37420.0,1871.00,3
338,37420.0,1871.00,3
339,37420.0,1871.00,3
340,37420.0,1871.00,3
341,37420.0,1871.00,3
342,37420.0,1871.00,3
343,37420.0,1871.00,3
344,37420.0,1871.00,3
345,37420.0,1871.00,3
346,37420.0,1871.00,3
347,37420.0,1871.00,3
348,37420.0,1871.00,3
349,37420.0,1871.00,3
350,37420.0,1871.00,3
351,37420.0,1871.00,3
352,37420.0,1871.00,3
353,37420.0,1871.00,3
354,37420.0,1871.00,3
355,37420.0,1871.00,3
356,37420.0,1871.00,3
357,37420.0,1871.00,3
358,37420.0,1871.00,3
359,37420.0,1871.00,3
360,37420.0,1871.00,3
361,37420.0,1871.00,3
362,37420.0,1871.00,3
363,37420.0,1871.00,3
364,37420.0,1871.00,3
365,37420.0,1871.00,3
366,37420.0,1871.00,3
367,37420.0,1871.00,3
368,37420.0,1871.00,3
369,37420.0,1871.00,3
370,37420.0,1871.00,3
371,37420.0,1871.00,3
372,37420.0,1871.00,3
373,37420.0,1871.00,3
374,37420.0,1871.00,3
375,53110.0,2655.50,3
376,37460.0,1873.00,3
377,37420.0,1871.00,3
378,37420.0,1871.00,3
379,37420.0,1871.00,3
380,37420.0,1871.00,3
381,37420.0,1871.00,3
382,37420.0,1871.00,3
383,37420.0,1871.00,3
384,37420.0,1871.00,3
385,37420.0,1871.00,3
386,37420.0,1871.00,3
387,37420.0,1871.00,3
388,37420.0,1871.00,3
389,37420.0,1871.00,3
390,37420.0,1871.00,3
391,37420.0,1871.00,3
392,37420.0,1871.00,3
393,37420.0,1871.00,3
394,37420.0,1871.00,3
395,37420.0,1871.00,3
396,37420.0,1871.00,3
397,37420.0,1871.00,3
398,37420.0,1871.00,3
399,37420.0,1871.00,3
400,37420.0,1871.00,3
401,37420.0,1871.00,3
402,37420.0,1871.00,3
403,37420.0,1871.00,3
404,37420.0,1871.00,3
405,37420.0,1871.00,3
406,37420.0,1871.00,3
407,37420.0,1871.00,3
408,37420.0,1871.00,3
409,37420.0,1871.00,3
410,37420.0,1871.00,3
411,37420.0,1871.00,3
412,37420.0,1871.00,3
413,37420.0,1871.00,3
414,37420.0,1871.00,3
415,37420.0,1871.00,3
416,37420.0,1871.00,3
417,37420.0,1871.00,3
418,37420.0,1871.00,3
419,37420.0,1871.00,3
420,37420.0,1871.00,3
421,37420.0,1871.00,3
422,37420.0,1871.00,3
423,37420.0,1871.00,3
424,37420.0,1871.00,3
425,37420.0,1871.00,3
426,37420.0,1871.00,3
427,37420.0,1871.00,3
428,37420.0,1871.00,3
429,37420.0,1871.00,3
430,37420.0,1871.00,3
431,37420.0,1871.00,3
432,37420.0,1871.00,3
433,37420.0,1871.00,3
434,37420.0,1871.00,3
435,37420.0,1871.00,3
436,37420.0,1871.00,3
437,37420.0,1871.00,3
438,37420.0,1871.00,3
439,37420.0,1871.00,3
440,37420.0,1871.00,3
441,37420.0,1871.00,3
442,37420.0,1871.00,3
443,37420.0,1871.00,3
444,37420.0,1871.00,3
445,37420.0,1871.00,3
446,37420.0,1871.00,3
447,37420.0,1871.00,3
448,37420.0,1871.00,3
449,37420.0,1871.00,3
450,37420.0,1871.00,3
451,37420.0,1871.00,3
452,37420.0,1871.00,3
453,37420.0,1871.00,3
454,37420.0,1871.00,3
455,37420.0,1871.00,3
456,37420.0,1871.00,3
457,37420.0,1871.00,3
458,37420.0,1871.00,3
459,37420.0,1871.00,3
460,37420.0,1871.00,3
461,37420.0,1871.00,3
462,37420.0,1871.00,3
463,37420.0,1871.00,3
464,37470.0,1873.50,3
465,37420.0,1871.00,3
466,37420.0,1871.00,3
467,37420.0,1871.00,3
468,37420.0,1871.00,3
469,37420.0,1871.00,3
470,37420.0,1871.00,3
471,37420.0,1871.00,3
472,37420.0,1871.00,3
473,37420.0,1871.00,3
474,37420.0,1871.00,3
475,37420.0,1871.00,3
476,37420.0,1871.00,3
477,37420.0,1871.00,3
478,37420.0,1871.00,3
479,37420.0,1871.00,3
480,37420.0,1871.00,3
481,37420.0,1871.00,3
482,37420.0,1871.00,3
483,37420.0,1871.00,3
484,37420.0,1871.00,3
485,37420.0,1871.00,3
486,37420.0,1871.00,3
487,37420.0,1871.00,3
488,37420.0,1871.00,3
489,37420.0,1871.00,3
490,37420.0,1871.00,3
491,37420.0,1871.00,3
492,37420.0,1871.00,3
493,37420.0,1871.00,3
494,37420.0,1871.00,3
495,37420.0,1871.00,3
496,37420.0,1871.00,3
497,37420.0,1871.00,3
498,37420.0,1871.00,3
499,37420.0,1871.00,3
500,37420.0,1871.00,3
501,37420.0,1871.00,3
502,37420.0,1871.00,3
503,37420.0,1871.00,3
504,37420.0,1871.00,3
505,37420.0,1871.00,3
506,37420.0,1871.00,3
507,37420.0,1871.00,3
508,37420.0,1871.00,3
509,37420.0,1871.00,3
510,37420.0,1871.00,3
511,37420.0,1871.00,3
512,37420.0,1871.00,3
513,37420.0,1871.00,3
514,37420.0,1871.00,3
515,37420.0,1871.00,3
516,37420.0,1871.00,3
517,37420.0,1871.00,3
518,37420.0,1871.00,3
519,37420.0,1871.00,3
520,37430.0,1871.50,3
521,66240.0,3312.00,3
522,37440.0,1872.00,3
523,37420.0,1871.00,3
524,37420.0,1871.00,3
525,37420.0,1871.00,3
526,37420.0,1871.00,3
527,37420.0,1871.00,3
528,37420.0,1871.00,3
529,37420.0,1871.00,3
530,37420.0,1871.00,3
531,37420.0,1871.00,3
532,37420.0,1871.00,3
533,37420.0,1871.00,3
534,37420.0,1871.00,3
535,37420.0,1871.00,3
536,37420.0,1871.00,3
537,37420.0,1871.00,3
538,37420.0,1871.00,3
539,37420.0,1871.00,3
540,37420.0,1871.00,3
541,37420.0,1871.00,3
542,37420.0,1871.00,3
543,37420.0,1871.00,3
544,37420.0,1871.00,3
545,37420.0,1871.00,3
546,37420.0,1871.00,3
547,37420.0,1871.00,3
548,37420.0,1871.00,3
549,37420.0,1871.00,3
550,37420.0,1871.00,3
551,37420.0,1871.00,3
552,37420.0,1871.00,3
553,37420.0,1871.00,3
554,37420.0,1871.00,3
555,37420.0,1871.00,3
556,37420.0,1871.00,3
557,37420.0,1871.00,3
558,37420.0,1871.00,3
559,37420.0,1871.00,3
560,37420.0,1871.00,3
561,37420.0,1871.00,3
562,37420.0,1871.00,3
563,37420.0,1871.00,3
564,37420.0,1871.00,3
565,37420.0,1871.00,3
566,37420.0,1871.00,3
567,37420.0,1871.00,3
568,37420.0,1871.00,3
569,37420.0,1871.00,3
570,37420.0,1871.00,3
571,37420.0,1871.00,3
572,37420.0,1871.00,3
573,37420.0,1871.00,3
574,37420.0,1871.00,3
575,37420.0,1871.00,3
576,37420.0,1871.00,3
577,37420.0,1871.00,3
578,37420.0,1871.00,3
579,37420.0,1871.00,3
580,37420.0,1871.00,3
581,37420.0,1871.00,3
582,37420.0,1871.00,3
583,37420.0,1871.00,3
584,37420.0,1871.00,3
585,37420.0,1871.00,3
586,37420.0,1871.00,3
587,37420.0,1871.00,3
588,37420.0,1871.00,3
589,37420.0,1871.00,3
590,37420.0,1871.00,3
591,37420.0,1871.00,3
592,37420.0,1871.00,3
593,37420.0,1871.00,3
594,37420.0,1871.00,3
595,37420.0,1871.00,3
596,37420.0,1871.00,3
597,37420.0,1871.00,3
598,37420.0,1871.00,3
599,37420.0,1871.00,3
600,37420.0,1871.00,3
601,37420.0,1871.00,3
602,37420.0,1871.00,3
603,37420.0,1871.00,3
604,37420.0,1871.00,3
605,37420.0,1871.00,3
606,37420.0,1871.00,3
607,37420.0,1871.00,3
608,37420.0,1871.00,3
609,37420.0,1871.00,3
610,37420.0,1871.00,3
611,37420.0,1871.00,3
612,37420.0,1871.00,3
613,37420.0,1871.00,3
614,55820.0,2791.00,3
615,37470.0,1873.50,3
616,37420.0,1871.00,3
617,37420.0,1871.00,3
618,37420.0,1871.00,3
619,37420.0,1871.00,3
620,37420.0,1871.00,3
621,37420.0,1871.00,3
622,37420.0,1871.00,3
623,37420.0,1871.00,3
624,37420.0,1871.00,3
625,37420.0,1871.00,3
626,37420.0,1871.00,3
627,37420.0,1871.00,3
628,37420.0,1871.00,3
629,37420.0,1871.00,3
630,37420.0,1871.00,3
631,37420.0,1871.00,3
632,37420.0,1871.00,3
633,37420.0,1871.00,3
634,37420.0,1871.00,3
635,37420.0,1871.00,3
636,37420.0,1871.00,3
637,37420.0,1871.00,3
638,37420.0,1871.00,3
639,37420.0,1871.00,3
640,37420.0,1871.00,3
641,37420.0,1871.00,3
642,37420.0,1871.00,3
643,37420.0,1871.00,3
644,37420.0,1871.00,3
645,37420.0,1871.00,3
646,37420.0,1871.00,3
647,37420.0,1871.00,3
648,37420.0,1871.00,3
649,37420.0,1871.00,3
650,37420.0,1871.00,3
651,37420.0,1871.00,3
652,37420.0,1871.00,3
653,37420.0,1871.00,3
654,37420.0,1871.00,3
655,37420.0,1871.00,3
656,37420.0,1871.00,3
657,37420.0,1871.00,3
658,37420.0,1871.00,3
659,37420.0,1871.00,3
660,37420.0,1871.00,3
661,37420.0,1871.00,3
662,37420.0,1871.00,3
663,37420.0,1871.00,3
664,37420.0,1871.00,3
665,37420.0,1871.00,3
666,37420.0,1871.00,3
667,37420.0,1871.00,3
668,37420.0,1871.00,3
669,37420.0,1871.00,3
670,37420.0,1871.00,3
671,37420.0,1871.00,3
672,37420.0,1871.00,3
673,37420.0,1871.00,3
674,37420.0,1871.00,3
675,37420.0,1871.00,3
676,37420.0,1871.00,3
677,37420.0,1871.00,3
678,37420.0,1871.00,3
679,37420.0,1871.00,3
680,37420.0,1871.00,3
681,37420.0,1871.00,3
682,37420.0,1871.00,3
683,37420.0,1871.00,3
684,37420.0,1871.00,3
685,37420.0,1871.00,3
686,37420.0,1871.00,3
687,37420.0,1871.00,3
688,37420.0,1871.00,3
689,37420.0,1871.00,3
690,37420.0,1871.00,3
691,37420.0,1871.00,3
692,37420.0,1871.00,3
693,37420.0,1871.00,3
694,37420.0,1871.00,3
695,37420.0,1871.00,3
696,37420.0,1871.00,3
697,37420.0,1871.00,3
698,37420.0,1871.00,3
699,37420.0,1871.00,3
700,37420.0,1871.00,3
701,37420.0,1871.00,3
702,37420.0,1871.00,3
703,37420.0,1871.00,3
704,37420.0,1871.00,3
705,37420.0,1871.00,3
706,37420.0,1871.00,3
707,37420.0,1871.00,3
708,37420.0,1871.00,3
709,37420.0,1871.00,3
710,37420.0,1871.00,3
711,37420.0,1871.00,3
712,37420.0,1871.00,3
713,37420.0,1871.00,3
714,37420.0,1871.00,3
715,37420.0,1871.00,3
716,37420.0,1871.00,3
717,37420.0,1871.00,3
718,37420.0,1871.00,3
719,37420.0,1871.00,3
720,37420.0,1871.00,3
721,37420.0,1871.00,3
722,37420.0,1871.00,3
723,37420.0,1871.00,3
724,37420.0,1871.00,3
725,37420.0,1871.00,3
726,37420.0,1871.00,3
727,37420.0,1871.00,3
728,37420.0,1871.00,3
729,37420.0,1871.00,3
730,37420.0,1871.00,3
731,37420.0,1871.00,3
732,37420.0,1871.00,3
733,37420.0,1871.00,3
734,37420.0,1871.00,3
735,37420.0,1871.00,3
736,37420.0,1871.00,3
737,37420.0,1871.00,3
738,37420.0,1871.00,3
739,37420.0,1871.00,3
740,37420.0,1871.00,3
741,37420.0,1871.00,3
742,37420.0,1871.00,3
743,37420.0,1871.00,3
744,37420.0,1871.00,3
745,37420.0,1871.00,3
746,37420.0,1871.00,3
747,37420.0,1871.00,3
748,37420.0,1871.00,3
749,37420.0,1871.00,3
750,37420.0,1871.00,3
751,37420.0,1871.00,3
752,37420.0,1871.00,3
753,37420.0,1871.00,3
754,37420.0,1871.00,3
755,37420.0,1871.00,3
756,37420.0,1871.00,3
757,37420.0,1871.00,3
758,37420.0,1871.00,3
759,37420.0,1871.00,3
760,37420.0,1871.00,3
761,37420.0,1871.00,3
762,37420.0,1871.00,3
763,37420.0,1871.00,3
764,37420.0,1871.00,3
765,37420.0,1871.00,3
766,37420.0,1871.00,3
767,37420.0,1871.00,3
768,37420.0,1871.00,3
769,37420.0,1871.00,3
770,37420.0,1871.00,3
771,37420.0,1871.00,3
772,37420.0,1871.00,3
773,37420.0,1871.00,3
774,37420.0,1871.00,3
775,37420.0,1871.00,3
776,37420.0,1871.00,3
777,37420.0,1871.00,3
778,37420.0,1871.00,3
779,37420.0,1871.00,3
780,37420.0,1871.00,3
781,37420.0,1871.00,3
782,37420.0,1871.00,3
783,37420.0,1871.00,3
784,37420.0,1871.00,3
785,54750.0,2737.50,3
786,37440.0,1872.00,3
787,37420.0,1871.00,3
788,37420.0,1871.00,3
789,37420.0,1871.00,3
790,37420.0,1871.00,3
791,37420.0,1871.00,3
792,37420.0,1871.00,3
793,37420.0,1871.00,3
794,37420.0,1871.00,3
795,37420.0,1871.00,3
796,37420.0,1871.00,3
797,37420.0,1871.00,3
798,37420.0,1871.00,3
799,37420.0,1871.00,3
800,37420.0,1871.00,3
801,37420.0,1871.00,3
802,37420.0,1871.00,3
803,37420.0,1871.00,3
804,37420.0,1871.00,3
805,37420.0,1871.00,3
806,37420.0,1871.00,3
807,37420.0,1871.00,3
808,37420.0,1871.00,3
809,37420.0,1871.00,3
810,37420.0,1871.00,3
811,37420.0,1871.00,3
812,37420.0,1871.00,3
813,37420.0,1871.00,3
814,37420.0,1871.00,3
815,37420.0,1871.00,3
816,37420.0,1871.00,3
817,37420.0,1871.00,3
818,37420.0,1871.00,3
819,37420.0,1871.00,3
820,37420.0,1871.00,3
821,37420.0,1871.00,3
822,37420.0,1871.00,3
823,37420.0,1871.00,3
824,37420.0,1871.00,3
825,37420.0,1871.00,3
826,37420.0,1871.00,3
827,37420.0,1871.00,3
828,37420.0,1871.00,3
829,37420.0,1871.00,3
830,37420.0,1871.00,3
831,37420.0,1871.00,3
832,37420.0,1871.00,3
833,37420.0,1871.00,3
834,37420.0,1871.00,3
835,37420.0,1871.00,3
836,37420.0,1871.00,3
837,37420.0,1871.00,3
838,37420.0,1871.00,3
839,37420.0,1871.00,3
840,37420.0,1871.00,3
841,37420.0,1871.00,3
842,37420.0,1871.00,3
843,37420.0,1871.00,3
844,37420.0,1871.00,3
845,37420.0,1871.00,3
846,37420.0,1871.00,3
847,37420.0,1871.00,3
848,37420.0,1871.00,3
849,37420.0,1871.00,3
850,37420.0,1871.00,3
851,37420.0,1871.00,3
852,37420.0,1871.00,3
853,37420.0,1871.00,3
854,55470.0,2773.50,3
855,37450.0,1872.50,3
856,37420.0,1871.00,3
857,37420.0,1871.00,3
858,37420.0,1871.00,3
859,37420.0,1871.00,3
860,37420.0,1871.00,3
861,37420.0,1871.00,3
862,37420.0,1871.00,3
863,37420.0,1871.00,3
864,37420.0,1871.00,3
865,37420.0,1871.00,3
866,37420.0,1871.00,3
867,37420.0,1871.00,3
868,37420.0,1871.00,3
869,37420.0,1871.00,3
870,37420.0,1871.00,3
871,37420.0,1871.00,3
872,37420.0,1871.00,3
873,37420.0,1871.00,3
874,37420.0,1871.00,3
875,37420.0,1871.00,3
876,37430.0,1871.50,3
877,37420.0,1871.00,3
878,37420.0,1871.00,3
879,37420.0,1871.00,3
880,37420.0,1871.00,3
881,37420.0,1871.00,3
882,37420.0,1871.00,3
883,37420.0,1871.00,3
884,37420.0,1871.00,3
885,37420.0,1871.00,3
886,37420.0,1871.00,3
887,37420.0,1871.00,3
888,37420.0,1871.00,3
889,37420.0,1871.00,3
890,37420.0,1871.00,3
891,37420.0,1871.00,3
892,37420.0,1871.00,3
893,37420.0,1871.00,3
894,37420.0,1871.00,3
895,37420.0,1871.00,3
896,37420.0,1871.00,3
897,37420.0,1871.00,3
898,37420.0,1871.00,3
899,37420.0,1871.00,3
900,37420.0,1871.00,3
901,37420.0,1871.00,3
902,37420.0,1871.00,3
903,37420.0,1871.00,3
904,37420.0,1871.00,3
905,37420.0,1871.00,3
906,37420.0,1871.00,3
907,37420.0,1871.00,3
908,37430.0,1871.50,3
909,37420.0,1871.00,3
910,37420.0,1871.00,3
911,37420.0,1871.00,3
912,37420.0,1871.00,3
913,37420.0,1871.00,3
914,37420.0,1871.00,3
915,37420.0,1871.00,3
916,37420.0,1871.00,3
917,37420.0,1871.00,3
918,37420.0,1871.00,3
919,37420.0,1871.00,3
920,37420.0,1871.00,3
921,37420.0,1871.00,3
922,37420.0,1871.00,3
923,37420.0,1871.00,3
924,37420.0,1871.00,3
925,37420.0,1871.00,3
926,37420.0,1871.00,3
927,37420.0,1871.00,3
928,37420.0,1871.00,3
929,37420.0,1871.00,3
930,37420.0,1871.00,3
931,37420.0,1871.00,3
932,37420.0,1871.00,3
933,37420.0,1871.00,3
934,37420.0,1871.00,3
935,37420.0,1871.00,3
936,37420.0,1871.00,3
937,37420.0,1871.00,3
938,37420.0,1871.00,3
939,37420.0,1871.00,3
940,37420.0,1871.00,3
941,37420.0,1871.00,3
942,37420.0,1871.00,3
943,37420.0,1871.00,3
944,37420.0,1871.00,3
945,37420.0,1871.00,3
946,37420.0,1871.00,3
947,37420.0,1871.00,3
948,37420.0,1871.00,3
949,37420.0,1871.00,3
950,37420.0,1871.00,3
951,37420.0,1871.00,3
952,37420.0,1871.00,3
953,37420.0,1871.00,3
954,37420.0,1871.00,3
955,37420.0,1871.00,3
956,37420.0,1871.00,3
957,37420.0,1871.00,3
958,37420.0,1871.00,3
959,37420.0,1871.00,3
960,37420.0,1871.00,3
961,37420.0,1871.00,3
962,37420.0,1871.00,3
963,37420.0,1871.00,3
964,37420.0,1871.00,3
965,37420.0,1871.00,3
966,37420.0,1871.00,3
967,37420.0,1871.00,3
968,37420.0,1871.00,3
969,37420.0,1871.00,3
970,37420.0,1871.00,3
971,37420.0,1871.00,3
972,37420.0,1871.00,3
973,37420.0,1871.00,3
974,37420.0,1871.00,3
975,37420.0,1871.00,3
976,37430.0,1871.50,3
977,37420.0,1871.00,3
978,37420.0,1871.00,3
979,37420.0,1871.00,3
980,37420.0,1871.00,3
981,37420.0,1871.00,3
982,37420.0,1871.00,3
983,37420.0,1871.00,3
984,37420.0,1871.00,3
985,37420.0,1871.00,3
986,37420.0,1871.00,3
987,37420.0,1871.00,3
988,37420.0,1871.00,3
989,37420.0,1871.00,3
990,37420.0,1871.00,3
991,37420.0,1871.00,3
992,37420.0,1871.00,3
993,37420.0,1871.00,3
994,37420.0,1871.00,3
995,37420.0,1871.00,3
996,37420.0,1871.00,3
997,37420.0,1871.00,3
998,37420.0,1871.00,3
999,37420.0,1871.00,3
1000,37420.0,1871.00,3
